Name,Age,Hobby,Gender
John Doe,30,Hiking,Male
Jane Smith,25,Painting,Female
Bob Johnson,40,Photography,Male
Alice Brown,35,Reading,Female
Eva Green,28,Cooking,Female
Michael Wilson,45,Gardening,Male
Sara Lee,32,Traveling,Female
David Anderson,37,Playing Music,Male
Emily Taylor,29,Dancing,Female
James Clark,42,Woodworking,Male
Olivia Harris,26,Yoga,Female
Richard Davis,50,Running,Male
Mia Thomas,33,Swimming,Female
William White,29,Photography,Male
Ava Hall,38,Hiking,Female
Charles Turner,48,Painting,Male
Sophia Allen,31,Reading,Female
Daniel Lewis,27,Traveling,Male
Grace Young,34,Cooking,Female
Joseph Hill,36,Playing Music,Male
Ella Moore,24,Dancing,Female
Lily Adams,27,Hiking,Female
Thomas Mitchell,49,Gardening,Male
Chloe Nelson,30,Running,Female
John Harris,43,Swimming,Male
Sophia Walker,29,Photography,Female
Matthew Hall,39,Yoga,Male
Olivia Turner,32,Traveling,Female
William Turner,37,Painting,Male
Emma Wright,28,Cooking,Female
John Garcia,45,Reading,Male
Isabella Carter,26,Hiking,Female
James Parker,44,Woodworking,Male
Ava Lopez,33,Playing Music,Female
David Scott,46,Dancing,Male
Sophia Rodriguez,30,Photography,Female
Ethan Adams,35,Gardening,Male
Emily Baker,29,Traveling,Female
Nathan Reed,38,Running,Male
Abigail Bennett,28,Reading,Female
Daniel Perez,41,Cooking,Male
Madison Mitchell,31,Swimming,Female
Christopher Martinez,40,Hiking,Male
Avery Green,27,Yoga,Female
Kevin King,49,Playing Music,Male
Lily Turner,25,Dancing,Female
Michael Nelson,42,Hiking,Male
Chloe Baker,33,Painting,Female
Jacob Williams,47,Reading,Male
Ella Lewis,30,Cooking,Female
Ryan Wright,39,Traveling,Male
